书名,作者,定价,出版时间,页数,简介
自我与本我,"[奥地利]            西格蒙德·弗洛伊德,译文经典（精装本）",28.00元,2011-10-20T16:00:00Z,274.0,
许子东讲稿-张爱玲.郁达夫.香港文学-卷二,"许子东,许子东讲稿",38.00元,2011-10-31T16:00:00Z,450.0,《张爱玲•郁达夫•香港文学:许子东讲稿(卷2)》大致分四个部分。第一部分是五篇关于张爱玲与中国现代文学史的论文和评论，其中《张爱玲晚期小说中的男女关系》和《小团圆中的母亲形象》都是2010年刚刚完成的。《物化苍凉》是提交岭南大学一个研讨会的论文。《一个故事的三种讲法》最初用英文写，是在UCLA一个讨论课的论文。写作此文时常在洛杉矶的Westwood Blvd.与Rochester Ave.路口找免费停车位，转来转去边打腹稿。万没想到张爱玲最后寓所正在那附近。她在那个公寓去世数日后才被发现，没有家具，只有一些纸盒和一堆衣服（纸盒里有从未发表的英文小说原稿）。后来才惊讶看到，我去打印论文的Kinkos复印店和常用的邮局，都出现在纪念张爱玲最后日月的照片中。另一个吊诡的巧合是我在上海南京西路重华新村前后住了20多年，很晚才在张子静的回忆录中得知张爱玲是在重华新村的沿街住所看着解放军进城的……当然，我的文章与这些巧合并无直接关系。第二部分是四篇有关郁达夫的论文。《郁达夫创作风格与现代文学中的浪漫主义》是我在华东师大硕士论文的一节，曾获中国社会科学院颁发的“《文学评论》优秀理论文章二等奖” 。《郁达夫小说创作初探》一文则从未在期刊上发表过。《关于“颓废”倾向与“色情”描写》当年就有争议，所涉及的话题至今恐怕仍缺共识。《浪漫派？感伤主义？零余者？私小说作家？》一文有四万多字，写了大半年——郁达夫读了很多外国小说，做这方面的研究也追得比较辛苦。这几篇文章都写于80年代，这次除了修改注释格式，文字上甚至局部观点也有修订。最近才听说，我的第一本书《郁达夫新论》1984年在浙江文艺出版时，编辑铁流、李庆西及所有编辑室成员都要看清样签字，为这本当时看来既有新意也有风险的新人新论共同承担责任。这本书后来获奖且印数过万，浙江文艺遂出版“新人文论丛书”。“丛书”的“新人”们——黄子平、陈平原、赵园、刘纳、王晓明、程德培、蔡翔、季红真、南帆等，现在大都是学术名家，甚至即将退休——然而，学术出版的文化环境竟没有大的变化。80年代的课题，也还是今天的课题。“民族”与“性”仍是国人在现实与虚幻（网络）的主要“郁闷”（郁达夫的苦闷？），所以，我以为自己这几篇旧文，似乎仍然可以再读。总之现代作家我有文章专论的，就是郁达夫和张爱玲。我也很关注一些新的研究方法，但作家论所打下的基础，我后来一直没有后悔。《张爱玲•郁达夫•香港文学:许子东讲稿(卷2)》第三部分收了五篇讨论当代文学的论文，都写于1989年我出国游学之后。各有不同的具体写作原因，或因为编书，或因为开会，话题也颇“多元”，但论述方式又不无相同之处：似乎都要列出几个不同的理论、形象、作品、意象或书本，辨异中之同，察同中之异。背后有意无意，或者都有些一直坚持的结构与方法？自己也不太清楚。第四部分是四篇关于香港文学的文章。写这些文章既是因为编书（三联版“香港短篇小说双年选”）的原因，也是出于教学的需要。有感于香港“文艺小说”相对寂寞，还曾和王安忆、王德威（后有陈思和、黄锦树）一起为上海文艺编过“三城记小说选”。其实，从边缘看中心，研究过程也另有收获。《张爱玲•郁达夫•香港文学:许子东讲稿(卷2)》附录了三篇讲座录音，其中有些话题在前面的论文或有触及，但“话怎么说”也决定“说什么话”，表述方式不同，意旨联想也很不一样。重校本卷稿子，竟连贯了二十多年读书生活。这才意识到一个人可以用来做事的时间原来这么短。自我溢美就是回首往事，不怎么会因过去的文字而羞愧；苛刻而言也是学业不够与时俱进，方法境界不够扩展。在文体上倒是有些变化：以前的论文是书面文体，近期文章尤其讲座文字较多口语。书名是“讲稿”，意为讲座与文稿。
碧血剑（新修版）（全二册）,金庸,HKD 100,2004-04-20T16:00:00Z,828.0,
焚舟纪,"[英]            安吉拉·卡特,全本书店",100.00元,2012-03-28T16:00:00Z,1100.0,《焚舟纪》是英国著名女作家安吉拉•卡特的短篇小说全集，一套共五本四十二个短篇。五个集子依次是《烟火》、《染血之室》、《黑色维纳斯》、《美国鬼魂与旧世界奇观》和《别册》。这些短篇多以童话、民间故事、文学经典为蓝本，文学女巫卡特以奇绝想象力和非凡叙事技巧将之加以戏仿、混酿 、改装和重塑，并以通透戏谑的视角呈现出童话背后的冷僻真相，传奇之中的幽暗细节，为幻想世界打上现实投影，极具颠覆性却又不损奇幻之美，慑人之余又令人迷醉，形成融魔幻现实主义、女性主义、哥特风格和寓言色彩为一体的独特写作模式。正如拉什迪所说，短篇小说是展现卡特独特才情的最佳形式。所录每一篇都堪称深邃智思与瑰丽文字结合而成的魔法杰作。http://www.douban.com/photos/album/60467090/================我重复，安吉拉•卡特是一个伟大的作家。许多同行和迷恋她的读者都明白她的珍稀之处，是这个星球上真正绝无仅有的存在。她应当被安放在我们时代的文学之中央，正中央。她最精彩的作品是她的短篇小说集。——撒缪尔•拉什迪如果你想以安吉拉•卡特的风格来再现她的作品之诞生，那么你需要召集一整个戏班的神人之幽灵围拢在她的打字机旁随侍。王尔德必须在场，爱伦坡也要来，还有勃兰姆•斯托克、佩罗、玛丽•雪莱、甚至麦卡勒斯，以及一群热爱蜚短流长的鸹噪老太。——玛格丽特•阿特伍德这是怎样一场烟花般绚烂的表演！像是书封之下别无他物。哥特，奇异，变态，美妙…语言又那么丰沛华美，就像爱伦坡和奥康纳在联手为苏丹新娘谢赫拉莎德捉刀《天方夜谭》。——Mirabella遇见安吉拉•卡特奇观和魔法般的小说，你必然会得出一个结论：它必然会流传，会被阅读，被膜拜。——《泰晤士报文学副刊》
花弦月·神魔归位（全二册）,当木当泽,49.80元,2011-10-20T16:00:00Z,616.0,
长歌行 01,"夏达,长歌行",18.00元,2012-01-20T16:00:00Z,160.0,
一個人暖呼呼,高木直子,NTD 250,2011-09-29T16:00:00Z,176.0,一個人，搭著日本各地有趣列車，我要去泡溫泉！這些火車都好有特色，夏目漱石「少爺」列車，忍者哈特利列車，還有奔向日本最北端的鄂霍次克號！這些溫泉都好親民可愛，幾百日圓就能泡的大眾澡堂，能觀賞雪景的露天溫泉，泡完溫泉再來杯啤酒，是最高享受！旅行的時間都是我的，自由自在體驗各地美景美食吧！看到絢麗海景，不顧一切中途下車，趕不到下一站也可以，喝日本酒吃當令螃蟹，醉醺醺或飽到走不動都沒關係，還到首度嘗試飄著石油味的溫泉，哇，聽說上面浮的一層油對皮膚很好喲~~跟著我一起搭上火車，遨遊一段段溫泉小旅行，啊~~身心都被療癒了~~~~【前言】在各種旅行交通工具飛機、火車、巴士、船、車等等當中，我最喜歡的是搭火車。雖然也喜歡搭新幹線或特急，享受著美味的車站便當，瀟灑地來回，但最喜歡的則是搭小巧玲瓏的火車，悠哉悠哉地欣賞車窗外的風景，隨興地遊走。旅行雖然有種種樂趣，但有時難免不稱心，例如去到目的地發現與原先想像的有異，而大失所望；或是天公不作美；或是太積極行動，結果弄得很累等等。可是，心思單純的我出去旅行只要能盡情地泡泡溫泉，然後來杯美味的啤酒就覺得心滿意足！於是決定結合「搭火車」與「泡溫泉」前往各地進行搭火車泡溫泉之旅。我雖非鐵道迷也非溫泉通，但還是希望各位能與我一起進行這趟輕鬆悠閒之旅。那麼，我們就出發囉！
Wonder,R. J. Palacio,USD 18.99,2012-02-13T16:00:00Z,320.0,"I won't describe what I look like. Whatever you're thinking, it's probably worse.  August Pullman was born with a facial deformity that, up until now, has prevented him from going to a mainstream school. Starting 5th grade at Beecher Prep, he wants nothing more than to be treated as an ordinary kid—but his new classmates can’t get past Auggie’s extraordinary face.  WONDER , now a #1 New York Times  bestseller and included on the Texas Bluebonnet Award master list, begins from Auggie’s point of view, but soon switches to include his classmates, his sister, her boyfriend, and others. These perspectives converge in a portrait of one community’s struggle with empathy, compassion, and acceptance. ""Wonder is the best kids' book of the year,"" said Emily Bazelon, senior editor at Slate.com and author of  Sticks and Stones: Defeating the Culture of Bullying and Rediscovering the Power of Character and Empathy . In a world where bullying among young people is an epidemic, this is a refreshing new narrative full of heart and hope.  R.J. Palacio  has called her debut novel “a meditation on kindness” —indeed, every reader will come away with a greater appreciation for the simple courage of friendship. Auggie is a hero to root for, a diamond in the rough who proves that   you can’t blend in when you were born to stand out.   Join the conversation:  #thewonderofwonder  From the Hardcover edition."
你曾住在我心上（全2册）,何宁,45.00元,2011-10-20T16:00:00Z,439.0,《你曾住在我心上(套装共2册)》内容简介：她曾经说：“换了我，这辈子也不要遇上一个注定得不到的杨过！”然而，不是冤家不聚头，她到底还是遇上了他。懵懂的童年，他是她的克星。漫长的成长岁月里，不知道从什么时候起，那份针尖对麦芒的尖锐已转化为隐秘不可知的情愫，深藏在心底发酵、蒸腾、蜕变，缠绕纠葛。步入青春，他被无数双女孩的眼睛围绕，众星捧月，如在云端；而她，只是泯然众人的平凡女生。她没有资格对他说：三年之后，我要和你考同一所大学。而他衣衫如雪，背脊笔直站在空旷背景下，望着她，以俯仰众生的高度。她只能在心里祷告：“等等我。虽然醒悟得太晚，但我已经用尽了全力在追赶你的脚步。”那个夏天的夕阳，从没有如此耀目过，沈子言对着无限辽远的天空在喊：“我要去北京！””校园的桂树纷繁雪白，馥郁浓密的香，直透人心扉。原来这就是爱。莫失莫忘的青春年华里，这样孤勇的爱，有生之年不会重来。当他的身边站着可堪比肩的校花，当他远在万里重洋之外，这份爱，她还有没有持续下去的希望？《你曾住在我心上(套装共2册)》倾情打造绵延数十年唯美纠结的虐心之作。书签：
GOTH断掌事件,"[日]            乙一,乐读文库",28.00元,2011-12-31T16:00:00Z,336.0,
树犹如此,"白先勇,理想国,理想国·白先勇作品",39.00元,2011-11-20T16:00:00Z,476.0,
精靈使的劍舞 01,"志瑞祐,桜はんぺん",NT$210,2012-01-15T16:00:00Z,240.0,
星空仰望,幾米,52.00元,2011-12-20T16:00:00Z,210.0,
浪跡天涯,"趙晨光,清朗",NT280,2011-06-20T16:00:00Z,238.0,天涯浪跡，俠義不變，情之所鍾，正在我輩第三屆温世仁百萬武俠大賞首獎得主作品、深情武俠代表─ 趙晨光一個關於追殺、出逃、友情與熱血的江湖故事。丐幫前幫主冼紅陽以刺殺太子之罪名遭通緝於天下，朝廷禁衛奉命傾巢而出緝捕。獨身負傷、苦逃不脫的冼紅陽，眼看將行至末路──未想此時，竟有人能與他意氣相逢、杯水相交、一路挺身相護，甚至相信他的話：「我沒有殺太子。」而且，不只一個──什麼是「相逢意氣為君飲」，什麼是「吾心安處是吾家」？因為他們的大膽無畏與樂觀豪情，這一場追殺不過也只是一場天南海北的遊歷。何故？只因他們心中那一場灑脫情懷。每個中國人心中都有一個屬於自己的江湖夢，然而江湖究竟是什麼？十步殺一人，千里不留行是江湖；行俠仗義，快意恩仇是江湖；流年似水，刹那芳華也是江湖。江湖可以狂，可以癡，可以刀光劍影流血不流淚，可是，也可以恩怨化酒，瀟灑狂歌，悠然自得。誰說江湖只能流血？縱然流血，亦可有一份灑脫不滅。
曼珠沙华·彼岸花,"沧月,鼎剑阁系列·沧月十周年珍藏版",29.80元,2011-09-24T16:00:00Z,264.0,
陆犯焉识,[美]            严歌苓,35.00元,2011-10-20T16:00:00Z,415.0,"《陆犯焉识》内容简介：陆焉识本是上海大户人家才子+公子型的少爷，聪慧而倜傥，会多国语言，也会讨女人喜欢。父亲去世后，年轻无嗣的继母冯仪芳为了巩固其在家族中的地位，软硬兼施地使他娶了自己的娘家侄女冯婉喻。没有爱情的陆焉识很快出国留学，在美国华盛顿毫无愧意地过了几年花花公子的自由生活。毕业回国后的陆焉识博士开始了风流得意的大学教授生活，也开始了在风情而精明的继母和温婉而坚韧的妻子夹缝间尴尬的家庭生活。五十年代，陆焉识因其出身、更因其不谙世事的张扬激越而成为""”反革命“”， 在历次运动中，其迂腐可笑的书生气使他的刑期一次次延长，直至被判为无期。这位智商超群的留美博士由此揣着极高的学识在西北大荒草漠上改造了二十年。精神的匮乏、政治的严苛、犯人间的相互围猎与倾轧，终使他身上满布的旧时代文人华贵的自尊凋谢成一地碎片。枯寂中对繁华半生的反刍，使他确认了内心对婉喻的深爱。婉喻曾是他寡味的开端，却在回忆里成为他完美的归宿。“文革”“结束后，饱经思念的陆焉识和冯婉喻终于可以团聚，然而回到上海家中的陆焉识却发现岁月和政治彻底改变了他的生活，他再也找不到自己存在的位置：一生沉沦、终成俗庸小市民的儿子一直排斥和利用他，才貌俱佳、终成大龄剩女的小女儿对他爱怨纠结，态度几经转变，唯一苦苦等待他归来的婉喻却在他到家前突然失忆。《陆犯焉识》编辑推荐：被中西方文坛誉为；“华文世界最值得期待的作家”；严歌苓颠覆性转型之作；当政治与人生相撞，孰是孰非……最大胆的笔触，直逼人类精神的灰色地带；最温情的回眸，抚摸岁月带给爱情的伤痕。严歌苓近年来一直萦怀于对自身家族史特别是对其祖父人生遭际和精神世界的探寻。依此多年的功课，《陆犯焉识》以深远的济世情怀，将知识分子陆焉识的命运铺展在中国近当代政治这块庞大而坚硬的底布上，检视了残酷岁月里生命可能达到的高度。她的笔触往返于主人公盛年时流连的浮华地美国、上海和其后半生被禁锢的流放地西北大荒漠，世态的炎凉和命运的多诡尽收眼底。她的讲述，冷静与幽默同行，温情与练达并重，大有“翻手为苍凉，覆手为繁华”之概。"
清白家风,"董桥,海豚简装",15.00,2014-04-20T16:00:00Z,127.0,
黑天鹅,纳西姆•尼古拉斯•塔勒布 (Nassim Nicholas Taleb),49.00元,2011-09-30T16:00:00Z,375.0,在发现澳大利亚的黑天鹅之前，欧洲人认为天鹅都是白色的，“黑天鹅”曾经是他们言谈和写作中的惯用语，用来指不可能存在的事物，但当第一只黑天鹅出现时，这个不可动摇的信念崩溃了。黑天鹅的存在，寓示不可预测的重大稀有事件，它们常常带来意料之外的重大冲击，但人们总是视而不见，并习惯于以自己有限的生活经验和不堪一击的信念来解释它们，最终被现实击溃。    从金融危机到四川大地震，从“泰坦尼克号”的沉没到“9-11”恐怖袭击事件，黑天鹅存在于各个领域，无论金融市场、商业、经济还是个人生活，都逃不过它的控制。《黑天鹅:如何应对不可预知的未来(升级版)(全新校订本)》深入介绍了黑天鹅事件的本质和规律，发掘出我们所不知道的事情背后的真正价值，教会我们如何认识这个社会的运行方式，如何避免小概率事件带来的重大损失，如何在不确定的世界中占得先机。    由纳西姆·尼古拉斯·塔勒布编著的《黑天鹅》出版后，震惊世界的黑天鹅事件——金融危机随即爆发。在出版3年后，作者经过3年沉淀与思考，增加全新后记，深刻分析黑天鹅理论在现代社会的应用，以及我们如何真正地评估并利用黑天鹅带来的机会，以从中受益。《黑天鹅》必将颠覆我们惯常的思维，让你重新把握自己的命运。
艳势番1,"韩露,艳势番",18.00元,2011-10-31T16:00:00Z,230.0,
理性乐观派,"[英]            马特·里德利,华章经管",45.00元,2011-12-20T16:00:00Z,316.0,20世纪60年代人口爆炸和全球饥荒令人忧心忡忡，70年代资源枯竭甚嚣尘上，80年代酸雨来了，90年代轮到瘟疫。21世纪初，全世界为全球变暖集体焦虑。可是，这些恐慌（除了最后一个）全都来了又走了。人类只是运气太好吗？主流的悲观论调宣称情况正在越变越糟，但他们已经这么说了整整两百年。再看看实际情况。食品供给、收入和人均寿命步步走高，疾病、儿童死亡率和暴力事件轮番下降；生活必需品和奢侈品确实变得更便宜了；继亚洲摆脱贫困之后，非洲也跟上了它的脚步；互联网、手机和集装箱运输前所未有地丰富了人们的生活。生活实际上越变越好，全球皆然。本书不光阐述了情况怎样越变越好，还解释了原因。繁荣来自人人为人人效力。始于十多万年前的交换和专业分工习惯，创造出加速改善人类生活水平的集体大脑。这本大胆的书涵盖了人类的整个历史，从石器时代说到互联网，从旧制度的积重难返讲到蒸汽机的发明，从新近的人口爆炸谈到气候变化可能的后果。天灾人祸固然必不可免，但多亏了人类发明创造的无穷能力，21世纪必将实现巨大的经济繁荣，最可能发生的不是气候的灾难性变化，而是中国人、印度人、非洲人，都过得像美国人那样欣欣向荣。
南音 （上）,"笛安,“龙城”系列",24.80元,2012-01-20T16:00:00Z,236.0,
张爱玲 她从海上来,艾嘉,28.80元,2011-09-30T16:00:00Z,212.0,
红手指,[日] 东野圭吾,25.00元,2011-10-20T16:00:00Z,211.0,★东野圭吾重要作品 无限接近完美的男人——加贺恭一郎第7部★3个月销售100万册★荣获日本纪伊国屋“年度最佳图书”★东野圭吾的粉丝网站五星好评★读东野小说，第一次想大哭一场！★《红手指》是加贺恭一郎系列中我最喜欢的故事，敏锐地描绘了普通家庭的“身边问题”。—— 阿部宽（加贺饰演者）★《红手指》为东野圭吾“加贺恭一郎系列”的第7部。作品以一个女童的离奇身亡展开情节，逐渐走入诸多社会问题的背后，当抽丝剥茧拨开案件迷雾的最后，只剩下一个令人心碎的悲凉救赎……一个普通的日子，一个普通的傍晚。五十出头的昭夫下班回家，等待他的却是后院里一具小女孩的尸体，凶手正是他十五岁的儿子直巳。为人夫、为人父、为人子的昭夫，需要一个精致的骗局，以使全家从刑警加贺恭一郎深邃的目光下“全身而退”。一宗令人发指的谋杀，一个冰冷绝望的骗局，一串细腻执著的解谜……在主角加贺恭一郎感人肺腑的人性救赎面前，所有推理小说的“华丽较量”都黯然失色，字里行间充满现实的悲凉，让人永难忘却阅读时的战栗……★关于加贺恭一郎：他不抽烟，牙齿雪白，肩膀宽阔，轮廓分明，眼神犀利，笑容温暖
法老的宠妃 终结篇（上下册）,"悠世,法老的宠妃",45.00元,2012-01-20T16:00:00Z,512.0,
禅与摩托车维修艺术,"[美]            罗伯特·M·波西格,华章同人,重现经典（精装）",36.00元,2011-09-20T16:00:00Z,377.0,
茨威格画传,高中甫,25.00元,2011-08-20T16:00:00Z,193.0,
再不相爱就软了,"彭浩翔,铁葫芦·文艺馆",29.80元,2012-06-01T16:00:00Z,248.0,
孙子兵法,"孙武,中华经典名著全本全注全译丛书",18.00元,2011-09-20T16:00:00Z,246.0,
艳阳天,"[加拿大]            亦舒,亦舒新经典·中妇版",22.00元,2012-02-20T16:00:00Z,183.0,
第一辩手5·星河的泪痕,双子星罗,14.80元,2011-11-20T16:00:00Z,238.0,
一个人暖呼呼,(日)高木直子,28.00元,2011-09-30T16:00:00Z,173.0,
步步惊心,桐华,38.00元,2011-09-20T16:00:00Z,624.0,《步步惊心(新版)》内容简介：言情经典，独家新版。桐华首度续写三万字内容。随书赠送精美“穿越”明信片。白领俪人若曦独立自主，聪明醒目，意外穿越到清朝康熙年间。穿越、情仇、宫斗、浪漫、残酷……若曦带着对清史的洞悉卷入这场九王夺嫡的争斗中，不断地与命运抗争或妥协。她知道历史的走向，也知道站在谁一边才是明智的选择，可这里有她深爱之人，于是， 她只能处处为营，步步惊心。男人的成王败寇之间，会容得下一个女人的烙印吗？若曦离开后，那些她牵挂的人又发生了怎样的故事？请跟随桐华一同进入这个爱也惊心、恨也惊心的故事。一切尽在《步步惊心(新版)》。赠送《步步惊心》精美“穿越”明信片！   点击链接进入穿越宫斗系列 ： 非我倾城:王爷要休妃(套装上中下册)(附精美书签1张)    特工皇妃(套装上下册)    云倾天阙    江山如画(典藏版)(附海报1张+书签1个)    凰权(套装共2册)(附彩插+书签)    后宫•如懿传(后宫小说始祖、全国热播电视剧《后宫•甄嬛传》续篇，流潋紫再造古典完美主义巅峰！)    后宫•甄嬛传(典藏)(套装共6册)(附精美海报+番外篇)    大漠谣(桐华言情经典，五年全新修订，深情演绎西汉名将霍去病与狼女的爱情传奇。独家赠送ENO手绘鸳鸯藤典藏卡片1张)    梦回大清    绾青丝(典藏纪念版)(套装共3册)(典藏纪念版，与《步步惊心》《梦回大清》《后宫·甄嬛传》并称为最经典的四部穿越奇书！)
冰与火之歌·卷一·权力的游戏（全三册）,[美]乔治·R.R.马丁,120.00元,2011-12-31T16:00:00Z,873.0,
魔戒（插图珍藏版）,"[英]            J·R·R·托尔金,魔戒系列·译林版",189.00元,2011-12-17T16:00:00Z,1324.0,
士为知己（全二册）,蓝色狮,49.80元,2012-01-20T16:00:00Z,695.0,《士为知己(套装共2册)》主要内容简介：他是如神一般的传说，是呼啸九天的骠骑将军。他率领铁骑踏破胡奴，开拓了汉武的万里疆域，创下不世功勋。一将功成万骨枯，辉煌功绩里埋有万千匈奴人，也有他万千的袍泽兄弟。作为君王的一把利剑，在征讨杀戮之后，他如何来面对这如山的重负以及那一点深藏的恻隐之心？她是墨者的后裔，血液里浸透了侠与义的守律，为义父男装从戎，为同袍舍身泼命，为一诺可以弃功别情，明知不可为而为之。她的眼界超越了家国，锄强扶弱，兼爱非攻，是她的信念。他烈情似火，一旦明了自己的心就毫不退缩;她情深意重，一经爱上，就生死不弃。在残酷如斯、命如草芥的战场中，开出最美的花儿。仅仅是一段战火情缘吗？远不止如此……看狮子娓娓道来，让你感受到，什么是信念，何谓一诺千金。人生得一知己而足矣，虽百折而不挠，身万死而不悔。   点击链接进入新武侠系列 ：媚公卿(套装共2册)  凤影空来(套装上下册)
鲁迅大全集（全33卷）,鲁迅,3600.00元,2011-09-20T16:00:00Z,14500.0,《鲁迅大全集(套装共33卷)》内容简介：编年体——分类编年——大编年，小文体，全而不乱。作为编年体全集，一般的编法是把全部作品统一编年，他们的做法就是把鲁迅的日记、书信、杂文、散文、翻译、学术著作按照写作时间顺序全部混排在一起。而这一次的不同，编委们考虑到将文学作品、学术著作与古籍、碑刻等混合编排，会给读者带来不便，所以采用了分类编年的方式，把全部作品分为“创作”、“翻译”、“学术”、“美术”四大编。四大编：创作、译文、学术、美术创作编：包括鲁迅创作的全部小说、诗歌、散文、剧本、杂文、论文、序跋、广告等，也包括书信和日记，未经鲁迅审阅的演讲记录稿和同代人回忆中的语录也作为“附录”收入此编。翻译编：包括鲁迅翻译的全部域外作品。“译者后记”和相关的说明文字也编入其中。学术编：包括《中国小说史略》、《汉文学史纲要》等学术专著，包括鲁迅辑录整理的古籍，也包括鲁迅整理研究过的石刻。美术编：包括鲁迅自己的绘画、书法、封面设计等，也包括他编辑的各种美术作品。
我为什么要写作,"[英]            乔治·奥威尔,            董乐山,小经典系列",25.00元,2011-09-30T16:00:00Z,239.0,
手绢上的花田,(日)安房直子,CNY 17.00,2011-12-31T16:00:00Z,125.0,“安房直子月光童话”系列收入作者《手绢上的花田》《直到花豆煮熟》《风的旱冰鞋》《兔子屋的秘密》《红玫瑰旅馆的客人》等5部经典代表作品。    作品具有典型的东方色彩和浓郁的日本乡土气息，将人与自然和谐共处的精髓渗入到字里行间。作品精美隽永，温馨感人，清淡带有幽远宁静的美。作者运用独特的柔性化的笔触，渲染了一种淡淡的忧伤情调，有一种如雾似纱般的梦幻色彩。作品运用超越时空的元素将幻想世界与现实世界衔接，让现实沉人幽幽的幻想底层，支撑起幻想世界的瑰丽大厦。    本系列由著名儿童文学作家、理论家彭懿，著名翻译家周龙梅翻译，译文精准传神，唯美流畅。精美插画充满浓郁的日本民族气息，与文字相得益彰，极具风韵。    《手绢上的花田》讲述了一个可以酿制菊花酒的手绢的故事。一个名叫良夫的邮递员受菊屋酒店老奶奶之托，帮她保管酒壶。只要轻轻唱起歌：“出来吧  出来吧  酿菊花酒的  小人”，这个酒壶里便会出来五个小小人，在手绢上酿菊花酒。临走前，老奶奶告诉良夫一定要记住两件事：一是酿酒的时候，谁也不能看见。二是不要去想用菊花酒挣钱。随着时间的推移，良夫贪欲滋生，忘了自己当初的承诺，于是不可思议的事情发生了……
随遇而安,孟非,32.80元,2011-10-20T16:00:00Z,253.0,
天才魔妃,安知晓,49.80元,2011-11-20T16:00:00Z,798.0,炙手可热的当红网络作家安知晓最新“新穿越”魔幻言情经典力作《天才魔妃(上下)》！千万年前，莲花女神和魔界之祖相恋，却因一场误会导致神魔大战爆发，生灵涂炭。魔王误会莲花女神，对自己下了“绝情咒”，永世不得对莲花女神动情，否则受十世轮回之苦。莲花女神自毁魂魄，消失于天地之间。他在诛神台目睹她自毁魂魄，永世诀别，他不甘接受此般结局，以魔界众生交换她的一缕魂魄。千年后，她和他再次重逢，因他一句戏言，她再次成为他的妃……当“绝情咒”再一次发挥力量，让他们永世相隔，支离破碎后，他们是否还能牵起千万年前的情缘……《天才魔妃(上下)》文风浓烈笔法老练，故事情节曲折，擅长渲染爱情氛围，有感染力，有吸引力，有悬念感，满足了广大读者的阅读要求。  点击链接进入女帝传奇系列 ：白发皇妃(套装上下册)  毒医皇后(套装上下册)  扶摇皇后(套装上下册)  扶摇皇后:终结篇(套装上下册)
冰与火之歌（卷一）,"[美]            乔治·R·R·马丁,独角兽书系",26.00元,2012-01-20T16:00:00Z,293.0,
如何成为一个怪物,"冯唐,凤凰壹力",28.00元,2011-10-20T16:00:00Z,363.0,
白银时代,"王小波,王小波文集（权威典藏版）",29.80元,2011-10-20T16:00:00Z,316.0,
那些年，我们一起追的女孩,"九把刀,九把刀作品集·现代版",28.00元,2012-01-20T16:00:00Z,279.0,
闲情记美,"资中筠,理想国,理想国·资中筠作品",36.00元,2011-09-30T16:00:00Z,200.0,
行者无疆,"余秋雨,文化苦旅全书",38.00元,2011-08-20T16:00:00Z,325.0,
设计诗,朱赢椿,39.00元,2011-11-20T16:00:00Z,80.0,
銀之匙 01,"[日]            荒川弘,銀之匙",NT$95,2012-01-19T16:00:00Z,192.0,
平凡的世界,路遥,28.00元,2011-08-31T16:00:00Z,452.0,
文学艺术袖珍馆1（全6册）,"戴望舒,            郑振铎",CNY 10.00,2011-11-20T16:00:00Z,224.0,
武道狂之诗（卷一 之 风从虎•云从龙）,"乔靖夫,武道狂之诗",32.00元,2011-08-24T16:00:00Z,211.0,
Harry Potter Page to Screen,Bob McCabe,GBP 75.00,2011-10-31T16:00:00Z,540.0,"Harry Potter: Page to Screen  opens the doors to Hogwarts castle and the wizarding world of Harry Potter to reveal the complete behind-the-scenes secrets, techniques, and over-the-top artistry that brought J.K. Rowling’s acclaimed novels to cinematic life. Developed in collaboration with the creative team behind the celebrated movie series, this deluxe, 500-plus page compendium features exclusive stories from the cast and crew, hundreds of never-before-seen photographs and concept illustrations sourced from the closed film sets, and rare memorabilia. As the definitive look at the magic that made cinematic history,  Page to Screen  is the ultimate collectible, perfect for Muggles everywhere."
我的精神家园,"王小波,王小波文集（权威典藏版）",28.00元,2011-10-20T16:00:00Z,280.0,
千年一叹,"余秋雨,文化苦旅全书",42.00元,2011-08-20T16:00:00Z,389.0,
三年，五年,小乾隆,20.00元,2011-08-20T16:00:00Z,210.0,
股票作手回忆录,杰西·利弗莫尔,33.90元,2012-01-20T16:00:00Z,216.0,
听幾米唱歌,几米 绘,38.00元,2012-01-20T16:00:00Z,80.0,
非我倾城（全三册）,墨舞碧歌,85.00元,2012-02-20T16:00:00Z,1177.0,
小情歌,徐璐,24.00元,2011-11-19T16:00:00Z,288.0,
马戏团之夜,"[英]            安吉拉·卡特,精典文库",36.00元,2011-09-20T16:00:00Z,447.0,曾获得詹姆斯•泰特•布雷克纪念奖2006年初改编成舞台剧于英国伦敦利瑞克汉默史密斯剧院（Lyric Hammersmith）上演一向擅长魔幻写实技法的英国作家安吉拉•卡特，这次以巡回马戏团为舞台，将时空安排在新旧世纪交接之处，带领读者倾听号称“整部世界史上唯一一个羽丰翼全的处女”的空中女飞人——飞飞——细数她如何飞上马戏团之顶的怪诞经历！因为一双天使般斑斓翅膀而赢得“伦敦维纳斯”称号的飞飞掳获了所有观众的心，更撩起了许多男人的欲望，但记者华尔斯起了疑窦：“她是真的存在，还是虚构 出来的？”为了厘清真相，也为了日渐增长的爱欲，他跟随飞飞的脚步一同参与巡回马戏团的演出。他能揭发这个空中骗子的真相吗？卡特在《马戏团之夜》里灵巧地戏弄“叙述”的本质，将故事与故事层层堆栈交错，呈现如万花筒般炫惑迷人的架构，再加上哥特式的华丽叙事让情欲膨胀的临界隐藏在马戏团帐棚的背后，真实且丑陋的世界让人不得不信以为真，偶尔出现的零星意外却又让人怀疑，眼前看到的 文字是真实抑或是谎言？整部小说看似记实，又似谎言虚构，是卡特发挥说故事女巫的本事，在读者眼前上演前所未见的文字马戏。聪明、性感、逗趣、惊人。——《英国独立报》一部光辉灿烂的作品，叙事方式成熟圆润，情节描述细腻逼真。——《泰晤士报》文学副刊让人大笑同时也发人省思。至高的幻想小说巨作。——《观察家日报》情感奔放且荒诞不经的奇想故事，引人入胜，直教人陶醉狂喜。——《洛杉矶时报》书评安吉拉•卡特影响了整整一代的同行作家们，将他们引向了种种梦幻世界，这些世界充满了巴洛克风格的壮丽、童话般的恐怖和对未来世界异化残骸的各式幻想。在《马戏团之夜》中，她为女主人公飞飞创造了一种淫秽粗糙的新型东伦敦语言表达，将我们带回了一个位于19世纪末新旧转折点上的世界，这个世界丰富多彩，充满各式各样的人类与动物。——《泰晤士报》《马戏团之夜》具有一种光辉灿烂的魔力，但是这种魔力根植于一种粗俗、丰富而有力的语言……一部令人迷醉的作品。——《文学评论》杂志一部光辉灿烂的作品，一出布满各种具有强烈效果的片段的戏。叙事方式成熟圆润，情节描述细腻逼真。以不可思议的效果完成可思议之事，令人着迷。——《泰晤士报》文学副刊无论以何种标准，这都是一本非凡的书。——英国《卫报》
最漫画·小祖宗号,"郭敬明,最漫画",10.00元,2011-09-12T16:00:00Z,203.0,
放学后的秘密花园,神崎貴至,130NTD,2010-03-20T16:00:00Z,166.0,
夜行记,"王小波,王小波文集（权威典藏版）",29.80元,2011-10-20T16:00:00Z,314.0,
陶庵梦忆,张岱,56.00元,2011-09-20T16:00:00Z,220.0,
盗墓笔记8·大结局（上）,"南派三叔,《盗墓笔记》修订版",32.80元,2011-12-20T16:00:00Z,272.0,
别相信任何人,[英]S.J.沃森,29.00元,2011-10-20T16:00:00Z,348.0,
明朝那些事儿,当年明月,208.60,2011-11-30T16:00:00Z,,
少女不十分,西尾 維新,JPY 882,2011-09-06T16:00:00Z,221.0,
孔乙己,鲁迅 原著 程十髮 繪畫,38元,2011-08-20T16:00:00Z,24.0,
鲁迅：中国“温和”的尼采,【澳】张钊贻,38.00元,2011-10-20T16:00:00Z,540.0,
黄金时代,"王小波,王小波文集（权威典藏版）",27.00元,2011-10-20T16:00:00Z,263.0,
天黑以后,"[日]            村上春树,新经典文化,            施小炜,新经典文库·村上春树作品",29.50元,2012-02-20T16:00:00Z,196.0,
小毛驴与我,[西]            胡安·拉蒙·希梅内斯,29.00元,2011-11-20T16:00:00Z,308.0,
爱上读书的妖怪,"[韩]李相培 著,[韩]白明植 绘",18.00元,2012-01-20T16:00:00Z,116.0,
再生缘（上中下）,墨舞碧歌,75.00元,2011-09-20T16:00:00Z,1168.0,《再生缘:我的温柔暴君(套装上中下册)》新穿越小说八大代表作家之一，红袖添香小说网大神作者墨舞碧歌倾情巨献——《再生缘：我的温柔暴君》！他是云苍大陆西凉国传说中最冷酷睿智的王，龙非离。她是穿越自21世纪，揣着一颗七窍玲珑心的朱七(穿越后为年璇玑)，他的妃。传说，他曾让这个女子集三千宠爱于一身，羡煞天下人；传说，他曾为她一夜里斩杀百人，将宫殿变成炼狱；传说，他最终却赐了她腰斩之刑……藩王，将军，异国皇子；宰相谋逆，太后篡国，藩王夺权，国家之战……一场席卷天界权位之变的阴谋，曾让她惨死其中。而这一世宛然就是前世故事的重演。她能逃脱命运女神的诅咒，在这一生获得圆满的爱情吗？她两度为王妻，那个残酷的王是她的真命恋人吗？佛家说，人只有三生的缘分，她这一次还会与他错过吗？当一切物是人非，风波险恶，年华拘限，谁还愿陪谁醉笑三千场，离殇永远不诉？如果爱，请深爱，一生一次一个人！成全这旷古奇缘的，是爱吗？《再生缘：我的温柔暴君》从那个腰斩的雪天，那个宛若六宫无妃的传奇宠妃身上拉开序幕……  点击链接进入新穿越系列 ：非我倾城:王爷要休妃(套装上中下册)(附精美书签1张)  姐姐有毒(套装共2册)(附书签1张、海报1张)  无爱不欢
我和你的笑忘书,夏七夕,21.80元,2011-11-30T16:00:00Z,280.0,
杉杉来吃,顾漫,25.00元,2011-08-20T16:00:00Z,283.0,《微微一笑很倾城》囧囧可爱姐妹篇顾漫《杉杉来吃》长篇完结版终于开吃！搞笑可爱的恋情+甜蜜好吃的番外+浪漫温馨的海报随书附赠“龟漫囧记”四格漫画本~\(^o^)/~开心指数100%与天斗，其乐无穷。与地斗，其乐无穷。与Boss斗，其傻无比。。这就是一部小职员杉杉在大Boss封腾的磨牙霍霍下，屡战屡败，屡败屡战，最后不得不乖乖弃械投降的斗争史……杉杉无比乖顺地蹲在产房前当临时血库，其间又被大老板支使着去做了个血液检查，以证明身体健康，血液合格。生产中产妇果然一度危急，杉杉乖乖地被抽了300CC血。产妇转危为安，杉杉在言清的千恩万谢下走出了医院，走了一会，停下，看着月亮仰天长叹。“资本家果然是吸血的，没人性啊没人性。”犹自摇头晃脑的杉杉没注意到，一辆黑色加长轿车在她身后停了一下，听到她的感叹后，后座的男子嘴角动了一下，然后关上了刚打开的车窗。“开车。”“老板，你刚刚不是说要送薛小姐回去的吗？”“不用了。”男人不带表情地说，“资本家都是没人性的。”
平行世界·爱情故事,(日)东野圭吾,28.00元,2011-12-31T16:00:00Z,266.0,
無法觸碰的愛,ヨネダコウ,NT130,2009-06-05T16:00:00Z,,
羊男的圣诞节,"[日]            村上春树,            林少华,村上春树文集（新版）",20.00元,2012-04-20T16:00:00Z,82.0,
人间失格,[日] 太宰治,25.00元,2011-12-20T16:00:00Z,240.0,
小时代3.0：刺金时代,"郭敬明,小时代",32.80元,2011-12-20T16:00:00Z,364.0,
歧路,"脉脉,            渥丹",26.80元,2012-01-20T16:00:00Z,296.0,
哦！爸爸们,"[日]            伊坂幸太郎,乐读文库",28.00元,2012-03-20T16:00:00Z,318.0,
王小波全集 第一卷,"王小波,王小波全集（凤凰壹力2012版）",25.80元,2012-01-20T16:00:00Z,233.0,
许我向你看,"辛夷坞,辛夷坞作品（全新修订版）",49.80元,2011-08-20T16:00:00Z,502.0,
凉宫春日的叹息,"[日]            谷川流,绘者                        [日]                    Noizi ITO,凉宫春日系列 (译文精装)",20.00元,2012-01-20T16:00:00Z,172.0,
夜半蜘蛛猴,"[日]            村上春树,            林少华,村上春树文集（新版）",32.00元,2012-06-20T16:00:00Z,141.0,
十九分钟,"[美]            朱迪·皮考特,新经典文库·朱迪•皮考特系列",36.00元,2012-05-20T16:00:00Z,440.0,
鲁迅读过的书,金纲,60.00元,2011-09-20T16:00:00Z,1045.0,
罗马人的故事1,盐野七生,36.00元,2011-12-20T16:00:00Z,240.0,
宵山万华镜,"[日]            森见登美彦,世纪文景,森见登美彦作品集",29.00元,2012-08-20T16:00:00Z,220.0,《宵山万华镜》是最具森见登美彦特色的短篇小说集。共收录六篇小说，其中，《宵山姐妹》与《宵山万华镜》，《宵山金鱼》与《宵山剧场》，《宵山回廊》与《宵山迷宫》的故事相互呼应。六个故事中的人物又彼此穿插，互为交织，组成一本迷幻又有趣的小说。“最不正经的天才、坐拥四叠半的宅男”森见登美彦，开启想象力的新境地！7月16日，宵山之夜——京都祇园祭(京都最大的节日，“日本三大祭”之一，从7月1日开始，一直延续到7月31日)的前夜。在这华美幽暗的千年古都里，祭典的热闹仿佛吞没了整座城市。两姊妹在熙攘人群间失散了。年幼的妹妹遇上一群穿红色浴衣的女孩，嬉笑着带她奔越大街小巷。烦闹的人声里，妹妹的脚步竟渐渐虚浮，仿佛下一刻就要飞上天去……而城市的另一角，宵山宛若栖居在这间老宅内。十五年过去了，仍旧仿佛一夜。画家在万花筒内见到了那张怀念已久的面孔，微笑着召唤他踏入宵山的迷离中。频频来访的古董店男子究竟是何来历？他索讨的那样“不该拥有的东西”究竟是什么？《宵山姊妹》：老师明明说了，“下课后要直接回家”。好奇的姐姐为了要去看“螳螂山”，带着我在大街小巷间乱跑，想不到我们俩竟在人群中走散了。怎么办、怎么办？跟随一群像金鱼一般的女孩游走在宵山之夜，我仿佛就要消失了……《宵山金鱼》：乙川的梦想是培养出“超金鱼”，兴趣则是“放我鸽子”。这一年，他终于允诺带我见识所谓的“宵山”，却也照例放了我鸽子，不幸的是，我竟然还误闯宵山大人的禁地，即将要被宵山大人惩罚……《宵山剧场》：那一年的学园祭让我对舞台设计的热情就此燃烧殆尽。无所事事、打工度日的我，难以拒绝学长的邀约，加入他莫名其妙但号称绝对华丽的计划——伪祇园祭大作战。骗倒乙川的朋友到底有什么意义呢？《宵山回廊》：十五年前的宵山之夜，堂妹消失在喧闹之中，宵山的影子就此栖居在这座老宅内。十五年后，画廊老板带来的万花筒里，竟出现了堂妹的身影。神隐十五年的少女又在宵山之夜出现，真的是叔父的妄想吗？《宵山迷宫》：一年前，无人知晓父亲为何远赴鞍马，并且猝死在半途。一年后，古董店的男子前来索求某个物品。这一天后，我每天睁开眼睛都是宵山之日，日复一日地以不同的方式遇到古董店的男子。这个东西到底是什么呢？《宵山万花筒》：与妹妹走散后，我到处寻找她。街角的大和尚说好了要送给我和我妹妹养着金鱼的气球，却带着我来到神祕的大楼屋顶上拜见宵山大人。我见到了宵山大人的万花筒，并被告知宵山之夜永不结束。怎么办？我还要找到妹妹呢。
The Fault in Our Stars,John Green,USD 17.99,2012-01-09T16:00:00Z,336.0,"TIME Magazine’s #1 Fiction Book of 2012!“The Fault in Our Stars is a love story, one of the most genuine and moving ones in recent American fiction, but it’s also an existential tragedy of tremendous intelligence and courage and sadness.” —Lev Grossman, TIME MagazineDespite the tumor-shrinking medical miracle that has bought her a few years, Hazel has never been anything but terminal, her final chapter inscribed upon diagnosis. But when a gorgeous plot twist named Augustus Waters suddenly appears at Cancer Kid Support Group, Hazel’s story is about to be completely rewritten.Insightful, bold, irreverent, and raw, The Fault in Our Stars is award-winning-author John Green’s most ambitious and heartbreaking work yet, brilliantly exploring the funny, thrilling, and tragic business of being alive and in love.Winner of the 2013 Children's Choice Teen Book of the Year Award"
怦然心动,[美]            文德琳·范·德拉安南,26.00元,2011-12-24T16:00:00Z,240.0,
大漠荒颜·帝都赋,"沧月,鼎剑阁系列·沧月十周年珍藏版",29.80元,2011-09-21T16:00:00Z,280.0,
树上的男爵,[意大利]伊塔洛·卡尔维诺,30.00元,2012-03-31T16:00:00Z,280.0,在大陆，王小波、苏童、阿城、止庵是他的忠实粉丝在台湾，朱天文，唐诺是卡尔维诺不余遗力的传播者在香港，梁文道说他一直在准备谈卡尔维诺，可是一直没准备好权威版本，全面修订2006年单行本译本，并增补卡尔维诺各作品自序、后记、注释等重要资料知名设计师全新装帧，精装双封设计，书脊烫金，封面采用原创线条图，赋予每部作品文学个性卡尔维诺 “我们的祖先”三部曲之一。“我们的祖先”三部曲包括：《不存在的骑士》《分成两半的子爵》《树上的男爵》，这三个故事代表通向自由的三个阶段，关于人如何实现自我的经验：在《不存在的骑士》中争取生存，在《分成两半的子爵》中追求不受社会摧残的完整人生，在《树上的男爵》中有一条通向完整的道路——这是通过对个人的自我抉择矢志不移的努力而达到的非个人主义的完整。一次倔强的反抗，让科希莫从十二岁起就决定永不下树。从此，他一生都生活在树上，却将生命更紧密地与大地相连。是不是真的只有先与人疏离，才能最终与他们在一起？
萝铃的魔力4,"陈柳环,萝玲的魔力",35.00元,2011-09-20T16:00:00Z,409.0,
佳偶天成,十四郎,22.80元,2011-08-20T16:00:00Z,254.0,
冰与火之歌（卷一）,"[美]            乔治·R·R·马丁,独角兽书系",28.00元,2011-12-20T16:00:00Z,324.0,
龙枪编年史（全3册）,"[美] 玛格丽特·魏丝,[美] 崔西·西克曼",118.00元,2012-04-20T16:00:00Z,1503.0,
对伪心理学说不,"[加拿大]            基思·斯坦诺维奇,新曲线·心理学丛书",28.00元,2011-12-31T16:00:00Z,254.0,"《对""伪心理学""说不》第1版出版于1983年，20多年来一直被奉为心理学入门经典，在全球顶尖大学中享有盛誉，现在呈现在读者面前的是第8版。这本书并不同于一般的心理学导论类教材，很多内容是心理学课堂上不曾讲授的，也是许多心理学教师在教学中感到只可意会而不可言传的。作者正是从此初衷出发，以幽默生动的语言，结合一些妙趣横生、贴近生活的实例，深入浅出地介绍了可证伪性、操作主义、实证主义、安慰剂效应、相关和因果、概率推理等心理学中的基本原则。与上一版相比，第8版更新了最新的研究资料和实例，扩展了信度、效度、元分析、随机取样与随机分配等问题的讨论。在今天的大众媒体和图书市场上，到处充斥着关于潜能提升、心理操控、色彩星座、催眠读心等伪装成心理学的主题，更有一些伪心理学家、所谓的心理治疗师打着心理学的旗号欺世盗名，从中渔利。在浩如烟海、良莠不齐的心理学信息面前，如何拨除迷雾，去伪存真，成为一个明智的心理学信息的消费者呢？《对""伪心理学""说不》将教给你科学实用的批判性思维技能，将真正的心理学研究从伪心理学中区分出来，告诉你什么才是真正的心理学。《对""伪心理学""说不》不仅适合于心理学专业的学生，有助于建立心理学研究中必要的批判性思维技能与意识，而其通俗易读性也非常适合所有对心理学感兴趣的读者，它将帮助你纠正对心理学的种种误解，学会独立地评估心理学信息，用科学的精神和方法理解自己和他人的行为。此外，由于心理学与其他学科的共通性，《对""伪心理学""说不》也不失为一本精彩有趣的科学哲学类读物。"
魔法科高校の劣等生〈3〉,佐島 勤,JPY 683,2011-11-09T16:00:00Z,438.0,
麒麟之兵天血地,"桔子树,麒麟",280台币,2011-09-09T16:00:00Z,,禁忌情色的純淨唯美展現有愛的故事， 觸動人心的文字東北的大興安嶺，一場本該是普通的演習，一顆足以毀滅一座城市的髒彈……如果，如果你真的不在了，假如有一天連我都忘記了這些，沒有任何證明，沒有任何證據，那我們的愛情是不是也隨之消失了？夏明朗專注地看著陸臻，閃亮的眼眸和潮濕柔軟的脣。他在想，如果信仰本身就是一種力量，如果口誦佛號真的就是一種功德，那我不介意相信他、膜拜他，我可以唸一萬遍阿彌陀佛，我不用去極樂淨土，我只希望你能平安。北國的春天呼嘩嘩的下著雪，朔風從西伯利亞的荒原中衝殺下來，無盡的白雪，覆蓋無盡的鮮血。冬天已經過去了，春天正在腳下，可天還是那麼的冷，然而那又怎麼樣？如果雪是冷的，還有血是熱的！嚴正聲明本文從現在起，進入嚴重架空狀態（當然之前也很架空），從此一架萬萬空，所有自文中出現的部隊番號代號均屬信口胡扯，任務內容亦不值得推敲，請勿對號入座。
琅琊榜,海宴,64.00元,2011-08-31T16:00:00Z,752.0,天下第一大帮江左盟的宗主梅长苏化名苏哲来到帝都金陵，同时也带来了一场场风波与一团团迷雾。具有双重身份的贵公子，争嫡中的太子与亲王，手握禁军的国中第一高手，统率南境铁骑的美丽郡主……周旋在这些权高位重身份不凡的人之间，为什么反而是行事低调的苏哲成为了所有事件的核心？掀起狂风巨涛的那只幕后之手，会不会就是前一波恶浪席卷之后留下的泡沫？他的身份，究竟是雪夜薄甲逐敌千里的少年将军，还是病体支离年寿难永的阴沉谋士？他重回旧地再遇旧友，他翻云覆雨机关算尽，到底是想要达到一个什么样的目的？这是一个既有晦暗阴谋，也有兄弟情义的故事，在这个故事没有走到最终结局之前，也许你，也可以左右它的走向……一卷风云琅琊榜，囊尽天下奇英才。历经地狱烈焰归来，他碎了旧骨，拼却余年，以一介白衣之身来到大梁帝都，掀起了皇室争嫡的波波血影惊涛。为权为势？为恩为怨？为了逝去的清明理想，还是为了待雪的累累沉冤？
那些忧伤的年轻人,"许知远,理想国,理想国·许知远作品",39.00元,2011-08-31T16:00:00Z,376.0,
梦回都灵,"[日]            东野圭吾,99读书人,东野圭吾作品",25.00元,2011-10-20T16:00:00Z,227.0,
小狗钱钱2,[德]            博多·舍费尔,28.00元,2011-12-20T16:00:00Z,240.0,
地尽头,"[加拿大]            亦舒,亦舒新经典·中妇版",22.00元,2011-10-20T16:00:00Z,184.0,
仰望半月的夜空 07,"[日] 桥本纺 著,[日] 山本启治 绘",18.00元,2011-12-20T16:00:00Z,207.0,
龙枪传奇（全三册）,玛格丽特·魏丝 崔西·西克曼,108,2012-05-31T16:00:00Z,1316.0,★文学价值最高的“龙枪”小说，完美塑造最受读者喜爱的人物——雷斯林★全新注释本，作者亲笔撰写海量注释与四篇附录：《神话的旅程》《时空中的坎德人》《信仰和奇幻》《克莱恩的诸神》★汇聚国内奇幻界最强阵容：《魔戒》译者朱学恒经典译本，热销漫画《塔希里亚故事集》作者吴淼精美插画，资深奇幻人紫晶全新“克莱恩简史”《龙枪传奇Ⅰ：时空之卷》曾经的龙枪英雄卡拉蒙因弟弟雷斯林走上黑暗之路而放任自流，成了彻底的废物酒鬼。白袍牧师克丽珊娜以为自己可以将雷斯林感化，前来寻找卡拉蒙帮助。在白袍法师的帮助下，他们回到了过去，有趣可爱的坎德人泰斯也偷偷地跟了过去。但是，坎德人的出现使得原本不会改变的历史长河出现了扭曲，新的故事即将改变整个克莱恩历史。《龙枪传奇Ⅱ：烽火之卷》在雷斯林的安排下，卡拉蒙终于成了坚定的战士，但是他与克丽珊娜的成长却只会助长雷斯林的力量。每个人都想扭转乾坤，在他们内心的战场上，胜负难定。《龙枪传奇Ⅲ：试炼之卷》卡拉蒙终于放下雷斯林，让他继续走自己的黑暗之路，准备与坎德人回到原来的家中，却意外来到两年之后的未来。在那里，世界已经遭到毁灭，原来雷斯林已经成功封神，把克莱恩变成了死亡之界。再一次，为了拯救世界，他与坎德人将与从前的伙伴一起，经历各种血与火的试炼。
白发皇妃（上下）,莫言殇,49.80元,2011-08-31T16:00:00Z,730.0,
查理九世10·最后的古寺神佛,"雷欧幻像,查理九世",15.00元,2012-01-20T16:00:00Z,199.0,
張愛玲的文學史意義,許子東,98.00元,2011-10-02T16:00:00Z,288.0,許子東【著】中華書局(香港)有限公司出版日期：2011/10/03ISBN: 9789628931194288頁 / 中文(繁)裝幀：平特32開分類：中國現代作家文集/總集/選集價格：$ 98簡介張愛玲是一個「五四主流文學史無法安放的作家」。許子東教授的張愛玲研究，從文本出發，從細節講起，探討了有關張氏作品及其本人的許多微妙現象和重要問題，比如︰張愛玲與張恨水、曹禺都寫愛情故事，三人筆下的男女主角愛情觀與故事走向卻差別極大，這是為什麼？張愛玲與魯迅、錢鍾書的作品皆意象豐富，卻又都特色分明，原因何在？張愛玲作品中反映出的她與母親的關係，她與胡蘭成的關係，是真是假？有幾成真，幾成假？乃至，張愛玲作品中反映出的男女關係與「五四」作家群體描繪的男女關係，有什麼不同？其背後意蘊何在？……以此來見出張愛玲的與眾不同，並在廣闊的時代視野裡勾畫出張愛玲的獨特性及其文學史意義。本書提出，從現代文學史看，張愛玲的意義在於她將文人自己的園地與大眾品味趣味交織在一起，她是一個迷戀都市的混合現代主義技巧與《紅樓夢》語言的解析市民趣味的女性感官「傳奇」。同魯迅一樣，她的重要作品不多，卻被後人越讀越大。
圣女的救济,"[日]            东野圭吾,乐读文库",25.00元,2011-10-20T16:00:00Z,286.0,
一个游荡者的世界,"许知远,理想国,理想国·许知远作品",36.00元,2011-08-31T16:00:00Z,239.0,
小凰不是仙,蜀客,22.00元,2011-11-20T16:00:00Z,279.0,
碧血剑,金庸,49.50元,2012-08-20T16:00:00Z,,
白鹿原,"陈忠实,新经典·陈忠实作品",32.00元,2011-08-31T16:00:00Z,575.0,《白鹿原》是中国近六十年的巅峰之作，十五年经久不衰。本版本为权威未删节版！陈忠实的长篇小说《白鹿原》，以陕西关中平原上素有“仁义村”之称的白鹿村为背景，细腻地反映出白姓和鹿姓两大家族祖孙三代的恩怨纷争。全书浓缩着深沉的民族历史内涵，有令人震撼的真实感和厚重的史诗风格。 1993年6月出版后，其畅销和广受海内外读者赞赏欢迎的程度为中国当代文学作品 所罕见。1997年荣获中国长篇小说最高荣誉——第四届茅盾文学奖。后被改编成同名话剧、电影等多种形式。在从清末民元到建国之初的半个世纪里，一阵阵飓风掠过了白鹿原上空，而每一次的变动都震荡着它的，在这里，人物的命运是纵线，百回千转，社会历史的演进是横面，愈拓愈宽，传统文化的兴衰则是全书的精神主体，以至人、社会历史、文化精神三者之间相互激荡，相互作用，共同推进了作品的时空，在我们眼前铺开了一轴恢宏的、动态的、极富纵深感的关于我们民族灵魂的现实主义的画卷。 正如陈忠实在开篇引用巴尔扎克语所，“小说是一个民族的秘史”！
黎明之街,"[日]            东野圭吾,新经典文化,新经典文库·东野圭吾作品",28.00元,2012-03-20T16:00:00Z,277.0,
伽利略的苦恼,"[日]            东野圭吾,乐读文库",25.00元,2011-09-20T16:00:00Z,287.0,
美国种族简史,[美]            托马斯·索维尔,35.00元,2011-11-20T16:00:00Z,312.0,作者在《美国种族简史》一书中，用大量的史实、数字，深入浅出地讲述了各个种族在美国的奋斗史、文化史，包括爱尔兰人、德国人、意大利人、日本人、犹太人、华人、墨西哥人、黑人、波多黎各人等。众所周知，美国是世界文化的大熔炉。各个种族无论在基因上，还是在文化上都有其本国固有的特质。和其他种族比起来，这些固有的性质也使其在众多种族共存的环境中凸显出来。肯远离祖籍国来到美国的人们，和他们周围的人相比，更具有进取心，在面对困境时更主动，因此凸现出来的种族特点就更加明显。虽然个性或者思考方式很大程度上取决于人们所处的阶级，但是依然呈现出很多通用的成功必备的品质，比如重视教育、勤奋、积极、重视经验的传递，这适用于所有的行业。在美国，种族成功的唯一出路是将自身传统优势发挥到极致，并坚持不懈地适应和改进。今天美国最富有的犹太人和日本人，无一不是这个经验的充分实践者。本书1981年在美国出版，至今已30年。美国种族史具有超出种族本身的内涵，书中翔实的数据资料、对种族特点的分析和观点直到现在仍不过时，并且对于经济和文化越来越多元化的中国具有十分重要的意义。
查理九世12·失落的海底城,"雷欧幻像,查理九世",15.00元,2012-01-20T16:00:00Z,199.0,
碧血劍（全二冊）,金庸,HK$70,1994-02-20T16:00:00Z,864.0,
人格心理学,"[美] 兰迪·拉森,[美] 戴维·巴斯",88.00元,2011-07-31T16:00:00Z,638.0,一直以来，人格心理学不仅是心理学研究的重要领域，也是普通读者非常感兴趣的领域。近年来，人格心理学已经进入了它的黄金时期，本书的第二版汇聚并及时更新了人格领域内各个方面的研究成果，见证了该学科的繁荣景象。本书不是围绕传统的人格的宏大理论来组织内容，而是设计了有关人格功能的六个重要知识领域这种框架，以问题为中心展开论述。这种架构给人耳目一新之感，代表着当代人格心理学体系建构的新趋势。这六大知识领域揭示了人格的不同侧面，它们分别是：特性领域（特质、特质分类和跨时间的人格特性），生物学领域（生理、遗传和进化），心理动力领域（心理动力、动机），认知经验领域（认知、情绪和自我），社会和文化领域（社会交互作用、性别和文化），以及调适领域（压力、应对、健康和人格障碍）。本书具有三个主要特点：第　　　　　　　一，强调人格的整体性。第二，注重联系性。第三，体系上具有新颖性。本书既适用于心理学专业本科生、研究生和专家学者，也适合对人格感兴趣的读者拿来轻松阅读。
雪山飞狐,金庸,25.00元,2012-08-20T16:00:00Z,357.0,
印度之歌,"[法]            玛格丽特·杜拉斯,玛格丽特·杜拉斯作品系列",28.00元,2011-10-31T16:00:00Z,230.0,《印度之歌》是杜拉斯电影导演生涯中最为成功的一部影片，同《广岛之恋》一样，成为她的一张国际名片。本书是影片的脚本，一九七三年出版，两年后由杜拉斯拍摄为同名电影。影片入围当年戛纳电影节，并获法国试验艺术电影协会奖及电影学院大奖。故事围绕法国驻印度大使夫人安娜－玛丽•斯特雷特和她身边的三个角色展开——她的情人麦克•理查逊，着迷于她的副领事，以及一个生命轨迹与她平行的女乞丐。这个女乞丐从法国在东南亚的殖民地尾随安娜而来；副领事公开自己对她的迷恋受挫后陷入癫狂，向麻风病人、狗，甚至自己开枪。杜拉斯在生命尽头说，《印度之歌》是她惟一的电影。“《印度之歌》所展现的就是我自己。丝毫无误。”这部电影既是作者的电影作品，也是作者的诗歌作品。它迷住了整个电影节，我知道。如果它参加竞争，毫无疑问，我们将把金棕榈奖颁发给它。－－1975年戛纳电影节评委安德烈•戴尔沃在这样一部杰作面前，又如何能屏住呼吸，控制自己的激情，再扮演评论家的角色？《印度之歌》是电影节上的重大事件，一部独特的电影，与其他电影没有丝毫相似之处，很明显，它将是一九七五年唯一一部将深刻在我们记忆中的电影。――亨利•夏皮埃
心灵的面具,（美）布莱克曼,29.80元,2011-08-31T16:00:00Z,214.0,
认知心理学及其启示,约翰•R•安德森,88.00元,2011-12-31T16:00:00Z,480.0,《认知心理学及其启示(第7版)》自1980年第一版出版以来，每五年更新一版，是认知心理学领域的经典教材。该第7版于2010年出版，是最新版。《认知心理学及其启示(第7版)》系统地将传统认知心理学与脑功能成像技术的应用相结合，侧重于人脑的认知研究。并通过“启示”将研究与我们的生活联系起来。作者以流畅的语言，深厚的学术功底，引领读者进入认知心理学领域。《认知心理学及其启示(第7版)》共14章，第1章介绍了认知心理学发展和思路以及人类认知的神经基础，第14章介绍了认知的个体差异。其余12章分别探讨了知觉、注意、心理表象、知识表征、记忆、问题解决、推理、判断和决策、语言等各个人类认知的信息加工过程，其中每两章为一个专题，共六个专题。同事，吸纳了认知神经科学领域内的研究成果，分析了认知的神经基础，内容详尽、深入，具有相当的前沿性。《认知心理学及其启示(第7版)》是心理学、计算机等专业的教师、学生和研究人员系统地了解认知心理学及其最新发展的不可多得的教材。
一天,"[英]            大卫·尼克斯,新经典文化,新经典文库·青鸟文丛",29.80元,2012-01-20T16:00:00Z,384.0,
查理九世11·冥府之船,"雷欧幻像,查理九世",15.00元,2012-01-20T16:00:00Z,199.0,
倚天屠龍記（新修版）（全四册）,金庸,HK$200,2005-04-20T16:00:00Z,1594.0,
天才梦（CD）,姚锡娟 朗诵,20.00元,2007-03-20T16:00:00Z,,
连城诀,金庸,25.00元,2012-08-20T16:00:00Z,362.0,
朝花夕拾,"鲁迅,中外文学名著典藏系列",24.80元,2011-07-20T16:00:00Z,217.0,
南音 （下）,"笛安,“龙城”系列",24.80元,2012-01-20T16:00:00Z,200.0,
羽·青空之蓝,"沧月,云荒·羽",29.80元,2015-01-31T16:00:00Z,1606.0,
银河帝国2：基地与帝国,"[美]            艾萨克·阿西莫夫,读客文化,银河帝国",29.90元,2012-06-20T16:00:00Z,240.0,经过近200年的励精图治，基地征服了银河边缘众多王国，势力不断向银河中心蔓延，终于与银河帝国产生正面冲突。帝国虽已江河日下，仍旧拥有银河中最庞大的舰队。帝国最后一位野心勃勃的年轻将军注意到了银河边缘的异动，他率领的星际舰队所向披靡，即将占领基地。只剩下谢顿当年的预言，成为基地最后一线希望……然而，纵使是天机算尽的谢顿，也无法预料到整个银河的历史，竟然会因为一个来历不明的人而改变……敬请阅读《银河帝国2：基地与帝国》。-------------------------------------系列简介：人类历史上最好看的系列小说（Best All-Time Novel Series）—世界SF小说协会，1966年，俄亥俄州《银河帝国》，您正要翻开的这本书，一直被认为是人类想象力的极限，人类历史上最有趣迷人的故事，讲述人类未来两万年的历史：在一个由2500万个住人行星构成的帝国里，有一个叫谢顿的年轻人，他出生在一个偏远的星球；32岁那年，他带着改变帝国命运的秘密，来到全银河的首都：川陀行星。从他面见帝国皇帝的那一刻起，战争的硝烟、末日的恐惧，立刻弥漫到整个银河……出版六十年来，本书对人类的太空探索、世界局势、前沿经济学理论、好莱坞电影产生了深远的影响；更随着它的读者成长为各行各业的领袖（如美国总统小布什、诺贝尔奖获得者克鲁格曼、美国宇航局航天员、本•拉登），而将这种影响渗透到人类文化的方方面面。翻开本书，开始享受“人类历史上最好看的系列小说（Best All-Time Novel Series）”。
外天楼,石黒正数,735円（税込）,2011-10-20T16:00:00Z,231.0,
流星雨,"三毛,青马文化,三毛全集（2011版）",32.00元,2011-08-31T16:00:00Z,196.0,
最美遇见你,顾西爵,18.00元,2011-09-20T16:00:00Z,279.0,
書劍恩仇錄（新修版）（全二冊）,金庸,HK$100,2004-04-20T16:00:00Z,805.0,
飞狐外传,金庸,48.00元,2011-11-20T16:00:00Z,660.0,
你若安好便是晴天,白落梅,28.00元,2011-09-20T16:00:00Z,263.0,
银河帝国：基地,"[美]            艾萨克·阿西莫夫,读客文化,银河帝国",29.90元,2012-03-20T16:00:00Z,240.0,人类蜗居在银河系的一个小角落——太阳系，在围绕太阳旋转的第三颗行星上，生活了十多万年之久。人类在这个小小的行星（他们称之为“地球”）上，建立了两百多个不同的行政区域（他们称之为“国家”），直到地球上诞生了第一个会思考的机器人。在机器人的帮助下，人类迅速掌握了改造外星球的技术，开启了恢弘的星际殖民运动；人类在银河系如蝗虫般繁衍扩张，带着他们永不磨灭的愚昧与智慧、贪婪与良知，登上了一个个荒凉的星球，并将银河系卷入漫长的星际战国时代，直至整个银河被统一，一个统治超过2500万个住人行星、疆域横跨十万光年、总计数兆亿人口的庞大帝国崛起——银河帝国。一个微妙的转折发生在银河帝国建国后的12020年。哈里·谢顿，这个刚满32岁的年轻数学家，开创了“心理史学”，这门学科能用数学公式准确推演全人类的未来——“预言”从此成为一门可以信任的科学，人类由此可以看见未来。谢顿的第一个预言是：虽然毫无征兆，但已存在一万两千年之久的银河帝国即将灭亡。一时间，银河震动，帝国飘摇；皇帝、宰相、夺权者、反叛星球，各方势力立刻剑拔弩张，人类银河时代最伟大的传奇就此开启……
健全的社会,[美]艾里希·弗洛姆,29.00元,2011-09-20T16:00:00Z,314.0,《健全的社会》是社会心理学领域的经典之作，是对现代社会中人的精神状况的一次有力的探索。精神健康的问题是否只涉及某些“不适应”社会的个体？社会作为整体是否会患上精神病？对此，弗洛姆给出了肯定的回答。现代社会使人们与自己创造的事物、自己建立的组织、其他人，甚至自己疏离开来。现代资本主义造就了“可支配的人格”。对这种趋势放任自流的结果将是为异化力量所支配的精神失常的社会。在深入分析了资本主义和共产主义的各种社会组织方案后，弗洛姆提出了第三种方案：在理想的社会中，个人不再是达成其他人的目的的手段，个人的幸福是社会的核心关注点，社会的经济增长不应凌驾于个人的发展之上；在精神健全的社会中，个人应当富有创造力和责任感。作为人本主义精神分析学派的代表人物，弗洛姆对于人和社会的关系的看法与传统的弗洛伊德派的观点有根本的区别。后者将性欲视做人的感情和欲望的基本动力。对此，弗洛姆明确提出：人的基本感情并不植根于他的本能需要，而是产生自人类生存的特殊环境。从中我们可以窥见马克思的人本主义学说的影响。
跨国灰姑娘,蓝佩嘉,32.00元,2011-12-20T16:00:00Z,372.0,"来自印尼、菲律宾和越南的女性，来到陌生的国度从事家务劳动。雇用她们的台湾雇主，多数是青壮年的中产阶级，他们的父母辈少有在家雇用佣人的历史，这些“新富家庭”的经验，映现了台湾社会在阶级、族群、性别与代间关系的转变。为了解台湾雇主和东南亚帮佣之间的互动关系，台湾大学社会系教授蓝佩嘉花了数年时间，访谈了超过百位的印菲帮佣和台湾雇主，了解劳雇双方在家庭屋檐下所面临的结构困境、生存策略与认同政治。蓝佩嘉以“跨国灰姑娘”的比喻来彰显家务移工的处境：她们或为了逃离家乡的贫穷与压迫，或为了扩展人生视野及探索现代世界。跨越国界工作后，却发现自己坐困雇主家中，被视为“用完就丢”的劳动力，灰姑娘的美满结局仍如童话般梦幻。相对于2006年的英文版，作者以返璞归真的母语和大量的生命故事，描绘了“跨国灰姑娘”的身影，并且透过社会学透视，展现了台湾雇主和东南亚移工，在全球化社会中相遇而生的种种面貌。————————————————————————————————这本具有开创性的研究，呈现了种族、阶级、性别和公民身份等等界限，如何在家务移工的生命中形成。蓝佩嘉经由划界工作的理论透镜，为萌芽发展中的女性迁移研究贡献了极为重要的成果。这是一本杰出的作品。——Rhacel Parreñas, 布朗大学美国文明学系教授我们或许会以为，只要和世界上的其他人接触越多，我们和他们的社会关系就越亲密。但是蓝佩嘉指出我们错得有多严重。在某些状况下，台湾的女雇主和他们的菲佣很“亲密”，但在其他时候两方则非常疏远。的确，有时最接近的反面最为遥远。这本脉络清晰、掷地有声的重要著作，便是在讨论这些现象如何发生。——Arlie Hochschild，柏克莱大学社会学系荣誉教授这是一本独一无二的学术作品，论述圆融、研究透彻、理论扎实，不但具有高度可读性，而且蕴含深度人文关怀。——Delias Davin，英国里兹大学中国学研究所荣誉教授"
送你一匹马,"三毛,青马文化,三毛全集（2011版）",22.00元,2011-09-20T16:00:00Z,236.0,
世界别为我担心,"幾米,幾米系列",88.00元,2012-01-20T16:00:00Z,136.0,
天龙八部（新修版）（全五册）,金庸,HK$250,2005-11-20T16:00:00Z,,
侠客行（上下）,"金庸,金庸作品集（朗声旧版）",49.00元,2012-08-20T16:00:00Z,,
哈利·波特精装全集（套装全7册）,[英]            J·K·罗琳,430.00元,2011-01-20T16:00:00Z,1687.0,
小学教材全解-四年级语文下,薛金星,21.80元,2011-11-20T16:00:00Z,318.0,
没有意义就没有摇摆,"[日]            村上春树,            林少华,村上春树随笔系列",28.00元,2012-03-20T16:00:00Z,281.0,
The Hobbit,J. R. R. Tolkien,GBP 7.99,2011-10-26T16:00:00Z,336.0,"A new B-format paperback edition commemorating 75 years since the original publication of The Hobbit.Bilbo Baggins enjoys a quiet and contented life, with no desire to travel far from the comforts of home; then one day the wizard Gandalf and a band of dwarves arrive unexpectedly and enlist his services – as a burglar – on a dangerous expedition to raid the treasure-hoard of Smaug the dragon. Bilbo’s life is never to be the same again.The Hobbit became an instant success when it was first published in 1937, and 75 years later Tolkien’s epic tale of elves, dwarves, trolls, goblins, myth, magic and adventure, with its reluctant hero Bilbo Baggins, has lost none of its appeal."
心連‧情結 01,"庵田定夏,白身魚",NT$190,2011-11-10T16:00:00Z,288.0,
文化与社会,"[英]            雷蒙·威廉斯,三辉图书",36.00元,2011-12-20T16:00:00Z,352.0,
越界言论（第3卷）,许子东,38.00元,2011-10-31T16:00:00Z,440.0,《越界言论:许子东讲稿(第3卷)》平时神马浮云只言片语闲谈聊天也不觉得，突然从网页上抄下来集中放在一起，真的使我后怕……子东何德何能，如何有这般知识能力，怎么有这样的文化资格，哪里来这等政治勇气，来谈论这么多这么广泛的重要敏感复杂的话题？涉及社会、政治、外交、经济、教育及心理、性别、医疗……而且还一本正经，煞有介事，好像很有看法？这第三卷，只能称之为“越界言论”。“越界”的意思，一是从学术研究越界到电视传媒，是从学者工作越界到公民议论；二是书中言论很可能挑战、冲击、违反了某些界线。什么界线？却从来没有明文规定，而且常常在变化之中。所以“越界”与否，因时因地而不同。巴蜀烈女、周正龙、打酱油、大阅兵、土地流转、艳照门、中国足球、红十字……我的兴趣也许“与时俱进”，但我的思想一如既往。前面说的言论可能“越界”，因为“界线”常变，无法也不想迎合，所以能够问心无愧的，也只有不合时宜地“固执已见”了。本卷中有两篇《方言与政治》、《批判黄段子》，一字不差收录了每期半小时的全部电视谈话内容。《方言与政治》我还逐段加上事后的注解，诠释我和窦文涛、梁文道即兴谈话的现场气氛、潜台词及事后反省。作为一个普通案例，可以分析“锵锵三人行” 这个中国历时最久的电视谈话节目的生产过程。本卷还收入了我在“锵锵三人行”节目中和王蒙、陈丹青、王跃文、刘索拉、吴淡如、查建英等很多文化人的对话。十年来电视屏幕里出现的那么多忧国忧民、风花雪月的意见，也许言论是我的，但话题是电视台编导定的，编导又参考了网络上的热点和网民的意见。所以，归根到底，前面抄录的这很多标题看法，其实是和电视台编导、网站与网民以及这么多朋友，尤其是和文涛、文道一起“共创”的。世界上没有无缘无故的感伤，也没有无缘无故的义愤，生活在这个时代，真不知道有多少东西是个人独特拥有，有多少是时代的压模。因此，这放在卷末的“自己的故事”，倒成为这本论及政治、社会、情欲、文艺的言论集的一个具体真实的注解。
狼与香辛料 02,"[日]            支仓冻砂,狼与香辛料",25.00元,2012-01-20T16:00:00Z,288.0,
史蒂夫·乔布斯传,[美]            沃尔特·艾萨克森,68.00元,2011-10-23T16:00:00Z,560.0,这本乔布斯唯一授权的官方传记，在2011年上半年由美国出版商西蒙舒斯特对外发布出版消息以来，备受全球媒体和业界瞩目，这本书的全球出版日期最终确定为2011年11月21日，简体中文版也将同步上市。两年多的时间，与乔布斯40多次的面对面倾谈，以及与乔布斯一百多个家庭成员、 朋友、竞争对手、同事的不受限的采访，造就了这本独家传记。尽管乔布斯给予本书的采访和创作全面的配合，但他对内容从不干涉，也不要求出版前阅读全文的权利。对于任何资源和关联的人，他都不设限，甚至鼓励他所熟知的人袒露出自己的心声。“我已经做了很多并不值得自豪的事情，比如23岁时就让我的女友怀了孕，以及我对这件事的处理方式”，他说， “对我而言，没有什么不可以对外袒露的。”谈及和他共过事的人以及竞争对手，他直言不讳，甚至尖酸刻薄。他的激情、精力、欲望、完美主义、艺术修养、残暴还有对掌控权的迷恋塑造出的商业哲学一览无余。同样，他的朋友、敌人，还有同事得以为我们提供了一个前所未有的毫无掩饰的视角。他是一位极具创造力的企业家，他有如过山车般精彩的人生和犀利激越的性格，充满追求完美和誓不罢休的激情，他创造出个人电脑、动画电影、音乐、手机、平板电脑以及数字出版等6大产业的颠覆性变革。乔布斯的个性经常让周围的人愤怒和绝望，但其所创造出的产品也与这种个性息息相关，全然不可分割的，正如苹果的硬件和软件一样。他的故事既具有启发意义，又有警示意义，充满了关于创新、个性、领导力以及价值观的教益。
